"","X1","X2","X3","score","label","id"
"1",1.216225635726,0.970433504786342,1.05766443070024,1,"TRAIN","P_1"
"2",1.10032623447478,2.33261638041586,0.500559343025088,0,"TRAIN","P_2"
"3",1.64924130216241,2.31847453815863,1.64800853841007,0,"TRAIN","P_3"
"4",1.01140128588304,1.46507517667487,2.26640775054693,0,"TRAIN","P_4"
"5",1.85442987876013,1.14821731997654,0.770104175433517,0,"TRAIN","P_5"
"6",1.33681956818327,2.45309631712735,0.905847547575831,0,"TRAIN","P_6"
"7",1.67845824128017,0.767282214481384,1.02433707704768,0,"TRAIN","P_7"
"8",0.991539449431002,1.34324422525242,1.64937755279243,0,"TRAIN","P_8"
"9",2.12835914641619,2.09589261841029,2.42737191403285,0,"TRAIN","P_9"
"10",1.01339507428929,0.709223307203501,1.68273513903841,0,"TRAIN","P_10"
"11",1.63682803604752,2.20262946002185,1.28846618998796,1,"TRAIN","P_11"
"12",0.816371080465615,0.633873422630131,1.99983337102458,0,"TRAIN","P_12"
"13",2.37801862088963,0.504438370931894,0.612577714491636,0,"TRAIN","P_13"
"14",0.569912133272737,1.58337582228705,0.577022935263813,0,"TRAIN","P_14"
"15",1.64503887854517,1.17659016186371,2.11370862601325,1,"TRAIN","P_15"
"16",0.768983257934451,1.53544746292755,1.76042565703392,1,"TRAIN","P_16"
"17",1.65575098711997,0.99212472140789,2.4914937200956,1,"TRAIN","P_17"
"18",1.58646254334599,1.24375736899674,2.39715771144256,1,"TRAIN","P_18"
"19",1.63710168655962,1.14527288498357,1.3194498969242,0,"TRAIN","P_19"
"20",0.932775870896876,0.972630010452121,1.72301887115464,0,"TRAIN","P_20"
"21",1.10289059765637,0.700849429238588,2.20414918288589,0,"TRAIN","P_21"
"22",2.49651246936992,1.39579083770514,1.26092705689371,0,"TRAIN","P_22"
"23",1.28231640765443,2.41184586193413,2.18638568976894,1,"TRAIN","P_23"
"24",2.27919233683497,1.07196763483807,1.94066783692688,1,"TRAIN","P_24"
"25",1.17075481312349,0.575837774202228,1.34392983559519,1,"TRAIN","P_25"
"26",1.39986843755469,2.25208242703229,2.04212267277762,1,"TRAIN","P_26"
"27",1.17345689237118,2.10859846882522,1.18887329334393,0,"TRAIN","P_27"
"28",0.843476549722254,1.19237499218434,1.95996296964586,0,"TRAIN","P_28"
"29",1.27771828602999,0.652371588163078,0.673137737438083,1,"TRAIN","P_29"
"30",0.665914671495557,1.44958001654595,1.49570448417217,1,"TRAIN","P_30"
"31",1.92862886516377,1.35139541979879,1.64257620461285,1,"TRAIN","P_31"
"32",1.32597233308479,1.56825559632853,1.05189174646512,0,"TRAIN","P_32"
"33",1.27554978337139,1.83929192414507,1.46688154898584,0,"TRAIN","P_33"
"34",1.17959328508005,2.3435722165741,2.34482638398185,1,"TRAIN","P_34"
"35",1.88901103334501,0.86242518061772,1.49239856563509,0,"TRAIN","P_35"
"36",0.722440727986395,0.507808802649379,1.0738225504756,1,"TRAIN","P_36"
"37",2.16398535296321,1.78496122220531,1.82364354748279,0,"TRAIN","P_37"
"38",2.13497064309195,1.87710541114211,1.52213832177222,0,"TRAIN","P_38"
"39",1.99980819737539,0.840715507045388,0.84478025464341,0,"TRAIN","P_39"
"40",2.32839867891744,2.26183379767463,0.650329404976219,1,"TRAIN","P_40"
"41",1.22298510465771,0.983502546790987,1.14476345572621,1,"TRAIN","P_41"
"42",0.726961257401854,0.79867279715836,2.26463433541358,0,"TRAIN","P_42"
"43",0.903268431778997,1.96664245519787,1.98292550165206,1,"TRAIN","P_43"
"44",0.554226136300713,0.673407715279609,0.763275954406708,1,"TRAIN","P_44"
"45",1.32504313485697,1.55254083219916,2.4850868312642,1,"TRAIN","P_45"
"46",2.33522095903754,0.601554510649294,2.27939891209826,1,"TRAIN","P_46"
"47",0.563329708762467,2.40668686293066,1.67479212535545,1,"TRAIN","P_47"
"48",2.31994965858757,0.65659435512498,2.04968612967059,1,"TRAIN","P_48"
"49",1.47217149287462,0.714457616675645,2.49911101674661,0,"TRAIN","P_49"
"50",0.743219712283462,0.576405441388488,1.14591808244586,1,"TRAIN","P_50"
"51",1.07929819868878,1.73407187126577,0.979020294267684,0,"TRAIN","P_51"
"52",1.99656165298074,0.901320557575673,0.85653805360198,0,"TRAIN","P_52"
"53",0.521509935613722,2.29451637202874,0.996410093735904,0,"TRAIN","P_53"
"54",1.34018054883927,0.613330753985792,1.70282532367855,0,"TRAIN","P_54"
"55",0.664966302458197,1.89827175019309,0.811108415015042,0,"TRAIN","P_55"
"56",1.89539140136912,1.42004168499261,1.04984559072182,0,"TRAIN","P_56"
"57",0.70900183962658,0.703908934723586,2.19819125765935,0,"TRAIN","P_57"
"58",1.91722624097019,0.515869126655161,1.12058986816555,0,"TRAIN","P_58"
"59",1.43349659210071,2.32251649349928,1.45789382373914,0,"TRAIN","P_59"
"60",1.69930188031867,1.66512437397614,0.792297583073378,1,"TRAIN","P_60"
"61",0.611091972794384,1.08618575101718,2.33156432304531,0,"TRAIN","P_61"
"62",1.47628199402243,1.57180064264685,1.51103206956759,1,"TRAIN","P_62"
"63",0.988768727052957,2.05925921164453,2.28971687098965,1,"TRAIN","P_63"
"64",1.4122373634018,0.722498513292521,0.842199003323913,1,"TRAIN","P_64"
"65",1.37209124444053,0.67923799995333,1.20855632284656,1,"TRAIN","P_65"
"66",1.084069699049,2.48292394122109,0.931212287861854,0,"TRAIN","P_66"
"67",0.944011795800179,1.176970242057,1.03168604476377,1,"TRAIN","P_67"
"68",0.875174165703356,1.80223450716585,2.42936261929572,1,"TRAIN","P_68"
"69",1.86278122290969,1.89485624060035,2.39895051205531,0,"TRAIN","P_69"
"70",1.78908144403249,1.20081319753081,1.05296600563452,0,"TRAIN","P_70"
"71",2.13633858831599,2.13183089671656,1.91860678326339,0,"TRAIN","P_71"
"72",0.813234043307602,2.19359604269266,2.43683106126264,1,"TRAIN","P_72"
"73",1.13083314942196,1.62600627774373,1.81748068472371,1,"TRAIN","P_73"
"74",1.58460563747212,1.13374461373314,1.59173557860777,1,"TRAIN","P_74"
"75",0.885791584383696,1.19134792778641,1.4427511645481,1,"TRAIN","P_75"
"76",0.924036116804928,1.06262073339894,1.2008794923313,1,"TRAIN","P_76"
"77",1.10211567394435,2.2053764318116,0.598094933666289,0,"TRAIN","P_77"
"78",2.06823060614988,2.22327220952138,1.25258040381595,1,"TRAIN","P_78"
"79",0.509091411717236,0.975173373706639,2.07538698241115,0,"TRAIN","P_79"
"80",2.33022695314139,2.15388833452016,1.08179618371651,1,"TRAIN","P_80"
"81",1.04425899405032,0.622077572159469,1.60137303592637,0,"TRAIN","P_81"
"82",1.15320917079225,0.564199120737612,1.70801217155531,0,"TRAIN","P_82"
"83",1.29277925100178,1.19034172361717,2.38316308055073,0,"TRAIN","P_83"
"84",0.705049327109009,0.833072142209858,1.48210450587794,1,"TRAIN","P_84"
"85",1.02078366698697,0.655406662262976,1.62589874491096,0,"TRAIN","P_85"
"86",1.09220296237618,1.57351713674143,2.04107179446146,1,"TRAIN","P_86"
"87",1.27620310755447,1.25181702058762,1.11625508870929,1,"TRAIN","P_87"
"88",2.22064674831927,1.91273146355525,2.05107337329537,0,"TRAIN","P_88"
"89",1.75169250927866,0.999403418973088,1.45488782366738,0,"TRAIN","P_89"
"90",1.60088741453364,1.70563097996637,2.43877759249881,0,"TRAIN","P_90"
"91",1.44619869766757,1.54009037045762,0.95483799604699,0,"TRAIN","P_91"
"92",2.17014641547576,1.24687096336856,0.704949050676078,0,"TRAIN","P_92"
"93",0.885221738833934,1.50220839260146,1.00454749120399,0,"TRAIN","P_93"
"94",0.810827681794763,1.58166671358049,0.683501575607806,0,"TRAIN","P_94"
"95",0.57059268001467,0.886202627327293,2.42298673419282,0,"TRAIN","P_95"
"96",2.24270739406347,0.666446015704423,1.13097359146923,0,"TRAIN","P_96"
"97",0.970332761760801,1.33486907649785,1.11158679053187,1,"TRAIN","P_97"
"98",0.979383402969688,1.52881148504093,1.28811044292524,0,"TRAIN","P_98"
"99",2.05095604900271,0.584187478292733,1.02544061187655,0,"TRAIN","P_99"
"100",1.43049102742225,1.45007267547771,0.740443991031498,1,"TRAIN","P_100"
"101",1.27612140588462,1.96152755338699,1.76832308946177,1,"TRAIN","P_101"
"102",2.24181817937642,1.56769365444779,1.45247077941895,1,"TRAIN","P_102"
"103",1.93460824014619,2.49058945989236,0.802492563612759,1,"TRAIN","P_103"
"104",2.09296031948179,2.01184481242672,2.27643006341532,0,"TRAIN","P_104"
"105",1.31625571846962,0.621438398491591,2.2617097212933,0,"TRAIN","P_105"
"106",2.29645221726969,2.25739108258858,2.12186864577234,0,"TRAIN","P_106"
"107",1.11933812871575,1.44044900080189,0.766580262221396,1,"TRAIN","P_107"
"108",1.66360318241641,2.42000033752993,1.9275453123264,0,"TRAIN","P_108"
"109",2.14644480729476,0.620633716229349,2.4420343209058,1,"TRAIN","P_109"
"110",1.61416780808941,0.692840830422938,2.19572904473171,1,"TRAIN","P_110"
"111",0.672159791924059,2.15339262131602,2.206169241108,1,"TRAIN","P_111"
"112",0.78162538446486,1.08327578334138,1.38480507954955,1,"TRAIN","P_112"
"113",1.76592949451879,0.874920435715467,1.2705529560335,0,"TRAIN","P_113"
"114",1.66437520086765,2.07632511481643,1.14354697102681,1,"TRAIN","P_114"
"115",2.03154550818726,1.44248980656266,1.60506475018337,1,"TRAIN","P_115"
"116",2.30579976737499,1.01327390456572,2.17789969034493,1,"TRAIN","P_116"
"117",1.1561813056469,1.64072494814172,2.12597362743691,1,"TRAIN","P_117"
"118",1.88620117446408,1.52294308692217,0.55869405111298,1,"TRAIN","P_118"
"119",1.32347156340256,1.85702636837959,0.576946770772338,0,"TRAIN","P_119"
"120",1.96613491140306,2.18199827475473,1.11940001230687,1,"TRAIN","P_120"
"121",1.30592590523884,1.74284346727654,1.07221000222489,0,"TRAIN","P_121"
"122",2.10213105427101,1.71844180580229,1.87404074147344,0,"TRAIN","P_122"
"123",0.834012484177947,1.06166588654742,2.01498956931755,0,"TRAIN","P_123"
"124",1.61802595388144,1.36389682255685,0.916042383760214,0,"TRAIN","P_124"
"125",2.34514289954677,2.14441155223176,2.14866861514747,0,"TRAIN","P_125"
"126",1.06650208774954,1.03715304471552,0.523456499911845,1,"TRAIN","P_126"
"127",1.2337105772458,0.771014701575041,2.25550492433831,0,"TRAIN","P_127"
"128",2.22367473691702,2.03291050391272,0.649105804506689,1,"TRAIN","P_128"
"129",1.47664356790483,1.70520309172571,0.570729746948928,0,"TRAIN","P_129"
"130",1.65845804521814,2.25554245943204,2.31342440051958,0,"TRAIN","P_130"
"131",2.49604036798701,2.28929058182985,1.43777201976627,1,"TRAIN","P_131"
"132",0.510462900623679,0.872198516968638,0.571077129803598,1,"TRAIN","P_132"
"133",2.06131984107196,0.725859937258065,2.3885296639055,1,"TRAIN","P_133"
"134",2.17973741656169,1.40525947837159,1.01399173727259,0,"TRAIN","P_134"
"135",0.539012493100017,1.49891803506762,1.1518175364472,1,"TRAIN","P_135"
"136",2.02086939848959,1.28807529248297,0.913580784574151,0,"TRAIN","P_136"
"137",2.46163349784911,1.11017711693421,1.9199796654284,1,"TRAIN","P_137"
"138",1.8963147290051,1.1825004350394,2.25283637922257,1,"TRAIN","P_138"
"139",1.32692519528791,2.25252892961726,1.58183843689039,1,"TRAIN","P_139"
"140",2.08260444831103,1.95430841622874,2.10846019210294,0,"TRAIN","P_140"
"141",1.96304474957287,0.775906404014677,1.72055824520066,1,"TRAIN","P_141"
"142",1.30971913971007,1.5399478781037,1.89808304375038,1,"TRAIN","P_142"
"143",0.72482476523146,0.871315355878323,1.98243938758969,0,"TRAIN","P_143"
"144",2.32559303985909,1.69422181835398,2.2554801912047,0,"TRAIN","P_144"
"145",1.37917163688689,1.83277295203879,0.77232316788286,0,"TRAIN","P_145"
"146",0.723239092156291,1.87656164262444,1.40562244644389,0,"TRAIN","P_146"
"147",1.45332724880427,0.56539576407522,1.79637078521773,0,"TRAIN","P_147"
"148",1.40300270728767,1.9450402809307,1.05422491859645,0,"TRAIN","P_148"
"149",0.589508273638785,1.66837786370888,0.520513034425676,0,"TRAIN","P_149"
"150",2.26838263357058,0.54054059041664,2.38751791464165,1,"TRAIN","P_150"
"151",2.4567229449749,1.79667983483523,0.835063196718693,1,"TRAIN","P_151"
"152",0.685347496997565,1.33359216758981,0.81379765085876,1,"TRAIN","P_152"
"153",2.25036339368671,0.664524388033897,1.89237172575668,1,"TRAIN","P_153"
"154",0.614707313477993,1.34150554658845,2.38586327666417,0,"TRAIN","P_154"
"155",2.19624024024233,1.60809622053057,0.740771221928298,1,"TRAIN","P_155"
"156",2.37240233365446,1.61726314947009,0.891300844028592,1,"TRAIN","P_156"
"157",1.67812778195366,1.35681264288723,2.35209008352831,1,"TRAIN","P_157"
"158",1.05952165694907,2.38648874312639,0.779338556807488,0,"TRAIN","P_158"
"159",1.98168082488701,1.18219435634091,0.683921845629811,0,"TRAIN","P_159"
"160",2.39808927243575,2.11276491452008,0.823889464139938,1,"TRAIN","P_160"
"161",0.842016073409468,0.541920938529074,2.07830672012642,0,"TRAIN","P_161"
"162",1.4135747118853,0.638535230886191,2.03214715700597,0,"TRAIN","P_162"
"163",2.20556113729253,0.992656428832561,2.16130332509056,1,"TRAIN","P_163"
"164",2.16097341105342,0.729075293056667,1.99948761379346,1,"TRAIN","P_164"
"165",2.28681443585083,0.857029389590025,2.08002357836813,1,"TRAIN","P_165"
"166",1.53429454565048,0.546121159568429,1.52749989787117,1,"TRAIN","P_166"
"167",2.26171445986256,1.60037785302848,1.54087832476944,0,"TRAIN","P_167"
"168",1.46821430698037,1.44636815413833,1.89256573561579,0,"TRAIN","P_168"
"169",1.54709870414808,0.890587875153869,0.674220744986087,0,"TRAIN","P_169"
"170",1.09352135518566,1.6379860220477,1.47297553857788,0,"TRAIN","P_170"
"171",1.99090057611465,1.67825210653245,1.29650683933869,1,"TRAIN","P_171"
"172",1.7099255528301,2.27910035569221,2.390918799676,0,"TRAIN","P_172"
"173",0.909748082980514,2.02718071825802,1.2209395300597,0,"TRAIN","P_173"
"174",0.614412451162934,2.30268705217168,0.680194082204252,0,"TRAIN","P_174"
"175",1.01052288804203,2.07903208816424,2.33001546561718,1,"TRAIN","P_175"
"176",2.25454437360168,1.80159122264013,0.690565858967602,1,"TRAIN","P_176"
"177",1.62664257548749,1.20273302868009,1.49359092488885,0,"TRAIN","P_177"
"178",1.35944674164057,1.51793427579105,1.13838117290288,0,"TRAIN","P_178"
"179",0.998902518302202,1.00746142677963,1.39296704344451,1,"TRAIN","P_179"
"180",0.807364391628653,0.742200226522982,1.1475930782035,1,"TRAIN","P_180"
"181",1.82713554147631,0.651437448803335,1.9071772871539,1,"TRAIN","P_181"
"182",2.38385753938928,1.50140210194513,1.0777877913788,1,"TRAIN","P_182"
"183",1.31021726410836,2.2691991776228,1.14451107848436,0,"TRAIN","P_183"
"184",1.4880479699932,0.860167980194092,1.9146530199796,0,"TRAIN","P_184"
"185",1.4030769537203,1.07691880036145,1.30701479641721,1,"TRAIN","P_185"
"186",0.918245269916952,1.03630595002323,0.998493937775493,1,"TRAIN","P_186"
"187",2.20888106990606,2.41759945033118,1.42401950247586,1,"TRAIN","P_187"
"188",1.93825726723298,1.13136659469455,0.592821357306093,0,"TRAIN","P_188"
"189",1.98911225562915,2.13824131898582,1.66010851366445,0,"TRAIN","P_189"
"190",1.43293947307393,2.27384593058378,1.61848723283038,1,"TRAIN","P_190"
"191",0.74145947676152,1.2121687438339,0.786810324061662,1,"TRAIN","P_191"
"192",0.805952023714781,1.44038561964408,2.01595507096499,0,"TRAIN","P_192"
"193",1.36933063715696,1.73365632351488,2.40674742357805,1,"TRAIN","P_193"
"194",1.35653308173642,1.33489514281973,0.770435238257051,1,"TRAIN","P_194"
"195",1.56240916671231,1.12798917293549,2.20157767692581,1,"TRAIN","P_195"
"196",1.39231995493174,1.12307424191386,1.11437350837514,1,"TRAIN","P_196"
"197",1.0422733607702,1.13577396050096,2.065917218104,0,"TRAIN","P_197"
"198",1.01673807669431,0.517142693977803,1.32828578026965,1,"TRAIN","P_198"
"199",0.783379095606506,0.514980529434979,2.18356461450458,0,"TRAIN","P_199"
"200",0.785128292627633,1.52161024976522,1.48882503155619,0,"TRAIN","P_200"
"201",1.91184041695669,1.16126144072041,1.86748309107497,1,"TRAIN","P_201"
"202",1.3104538670741,0.670004751067609,0.723768573254347,1,"TRAIN","P_202"
"203",1.62647003307939,1.61026298440993,1.66671832930297,0,"TRAIN","P_203"
"204",2.21320253051817,2.32442500302568,1.57355576334521,0,"TRAIN","P_204"
"205",1.38592253951356,1.20612853718922,0.797337047290057,1,"TRAIN","P_205"
"206",1.65346077829599,1.80253982683644,0.698956715408713,1,"TRAIN","P_206"
"207",0.959497282281518,1.87178644584492,0.818128501996398,0,"TRAIN","P_207"
"208",1.230777785182,0.570537489838898,1.76861173426732,0,"TRAIN","P_208"
"209",1.7673977506347,1.60776401404291,0.62084276182577,1,"TRAIN","P_209"
"210",0.812315137125552,1.15915874857455,2.16144753294066,0,"TRAIN","P_210"
"211",0.998462349176407,2.00541912158951,2.22539928276092,1,"TRAIN","P_211"
"212",1.31646877480671,2.13024674030021,1.82626965735108,1,"TRAIN","P_212"
"213",2.16296067647636,0.765947154723108,0.853372187353671,0,"TRAIN","P_213"
"214",1.63671509595588,0.777655300684273,1.96874639764428,1,"TRAIN","P_214"
"215",2.03798586595803,2.35816180845723,1.24492157623172,1,"TRAIN","P_215"
"216",0.931311032734811,2.43392955418676,0.805112508125603,0,"TRAIN","P_216"
"217",0.98477819096297,2.09212177246809,1.81330506829545,1,"TRAIN","P_217"
"218",0.64611649652943,2.293930510059,0.924106825143099,0,"TRAIN","P_218"
"219",2.25445392774418,1.23048409819603,0.692278067581356,0,"TRAIN","P_219"
"220",0.500813809223473,2.26810508593917,1.60414928290993,1,"TRAIN","P_220"
"221",0.933237236458808,0.86061121430248,0.969087776262313,1,"TRAIN","P_221"
"222",1.11188987083733,1.3681980855763,2.17776937503368,0,"TRAIN","P_222"
"223",1.19910534378141,1.79329244652763,0.967653380706906,0,"TRAIN","P_223"
"224",2.42295386828482,1.65909221349284,1.38436120888218,1,"TRAIN","P_224"
"225",1.23159018158913,0.530390150845051,2.07214760314673,0,"TRAIN","P_225"
"226",1.13763953419402,0.918636841699481,0.996358145494014,1,"TRAIN","P_226"
"227",0.721224398352206,0.994506581220776,0.589048857335001,1,"TRAIN","P_227"
"228",0.60657526506111,0.8200519583188,2.0923030031845,0,"TRAIN","P_228"
"229",1.17459137877449,0.845695003867149,1.99743329966441,0,"TRAIN","P_229"
"230",1.62905158475041,1.99127953033894,0.703246943186969,1,"TRAIN","P_230"
"231",1.74115916341543,0.529493826441467,0.686889985576272,0,"TRAIN","P_231"
"232",1.19374247221276,2.37046806560829,2.08953009871766,1,"TRAIN","P_232"
"233",2.10451633436605,1.57672867225483,0.930924065876752,1,"TRAIN","P_233"
"234",2.46611594408751,1.43023716844618,1.10178977297619,0,"TRAIN","P_234"
"235",1.96222687745467,0.967689733020961,1.68328277627006,1,"TRAIN","P_235"
"236",0.754723961930722,1.2628632071428,2.32856338331476,0,"TRAIN","P_236"
"237",1.0425186320208,0.947639431804419,0.519826651085168,1,"TRAIN","P_237"
"238",0.78873701300472,2.42170690977946,2.411214846652,1,"TRAIN","P_238"
"239",1.39710479555652,2.28369225049391,0.931898633018136,0,"TRAIN","P_239"
"240",1.00770912831649,2.03650224814191,0.91014573443681,0,"TRAIN","P_240"
"241",0.552065373864025,2.24852454895154,1.29011545795947,0,"TRAIN","P_241"
"242",2.37323870556429,1.25060073379427,1.08819854212925,0,"TRAIN","P_242"
"243",1.51441783504561,0.925978004001081,2.30043731676415,1,"TRAIN","P_243"
"244",1.15681956522167,1.94997568614781,1.62532593356445,1,"TRAIN","P_244"
"245",2.21185002615675,1.50660683773458,1.55284350505099,0,"TRAIN","P_245"
"246",1.76280526071787,1.80851210234687,2.34515583701432,0,"TRAIN","P_246"
"247",0.557882634457201,1.60547742899507,1.63820690754801,1,"TRAIN","P_247"
"248",1.28586361277848,2.39503299165517,1.00123221566901,0,"TRAIN","P_248"
"249",1.14068870805204,2.23407460050657,0.604813979938626,0,"TRAIN","P_249"
"250",0.53872085781768,1.47390341898426,2.06295336829498,0,"TRAIN","P_250"
"251",1.38977773673832,1.35989764565602,1.31056276941672,1,"TRAIN","P_251"
"252",1.02134488523006,1.75610384205356,2.05612735496834,1,"TRAIN","P_252"
"253",0.802262525074184,0.986682828981429,2.06798105873168,0,"TRAIN","P_253"
"254",1.7048595151864,1.39851234061643,0.90883150883019,0,"TRAIN","P_254"
"255",0.856195447035134,1.96352397976443,1.55620384216309,1,"TRAIN","P_255"
"256",1.62013119738549,1.62059308635071,1.14741674996912,1,"TRAIN","P_256"
"257",1.7715823771432,2.32041758671403,0.916300350334495,1,"TRAIN","P_257"
"258",1.44102292042226,2.29253619676456,0.986033068038523,0,"TRAIN","P_258"
"259",2.47711835103109,1.24945830926299,0.723486287519336,0,"TRAIN","P_259"
"260",1.00564681040123,1.62405861588195,1.63438662933186,1,"TRAIN","P_260"
"261",0.747903342358768,0.747057182714343,0.59674698067829,1,"TRAIN","P_261"
"262",0.784964344464242,2.17545997537673,1.61231954954565,1,"TRAIN","P_262"
"263",1.84482048358768,1.01123459171504,1.27918334491551,0,"TRAIN","P_263"
"264",0.651206944137812,1.04858270473778,2.2638944927603,0,"TRAIN","P_264"
"265",1.56009467691183,0.759684453718364,0.977705333847553,0,"TRAIN","P_265"
"266",1.17885686503723,0.962251759599894,1.51090009091422,0,"TRAIN","P_266"
"267",1.51036669779569,0.69130309484899,1.07294748490676,0,"TRAIN","P_267"
"268",0.615574903320521,2.3267263956368,1.37021172000095,0,"TRAIN","P_268"
"269",1.29102629050612,1.24904183810577,1.68454583082348,0,"TRAIN","P_269"
"270",2.18117647944018,0.721508824266493,2.2648021238856,1,"TRAIN","P_270"
"271",1.78267440851778,2.04306742735207,1.94498811801895,0,"TRAIN","P_271"
"272",1.01532161142677,1.09178931545466,0.588488533627242,1,"TRAIN","P_272"
"273",0.542740639764816,1.38081947015598,1.10141875082627,1,"TRAIN","P_273"
"274",1.31001491611823,1.09945176355541,0.662799672223628,1,"TRAIN","P_274"
"275",1.94545493787155,2.47543669817969,1.14110429910943,1,"TRAIN","P_275"
"276",1.06827864749357,1.35849076975137,2.24094053404406,0,"TRAIN","P_276"
"277",1.19724531844258,1.44231222756207,1.42929285950959,1,"TRAIN","P_277"
"278",2.23681315546855,1.4615027802065,1.41414699982852,0,"TRAIN","P_278"
"279",1.20272038085386,1.61251108068973,0.506980549544096,0,"TRAIN","P_279"
"280",1.75235982937738,1.49898611474782,1.18711672211066,0,"TRAIN","P_280"
"281",0.846478592138737,1.17617328185588,0.973411741666496,1,"TRAIN","P_281"
"282",1.70344314910471,1.65662293229252,2.37552129058167,0,"TRAIN","P_282"
"283",1.41880084807053,2.15133170131594,2.33078667428344,1,"TRAIN","P_283"
"284",0.84859336540103,1.622633356601,1.35349948890507,0,"TRAIN","P_284"
"285",2.11072052782401,2.44607787812129,0.790903480257839,1,"TRAIN","P_285"
"286",1.04521237360314,1.06885593850166,1.71058908430859,0,"TRAIN","P_286"
"287",1.82477979967371,2.15425389772281,0.515240021049976,1,"TRAIN","P_287"
"288",2.07832082733512,1.70132723590359,1.77035137452185,0,"TRAIN","P_288"
"289",0.882995830383152,1.64138245629147,0.949109221342951,0,"TRAIN","P_289"
"290",2.05013017589226,2.10290579916909,1.35009554354474,1,"TRAIN","P_290"
"291",1.17961368523538,1.23375829169527,1.30348535068333,1,"TRAIN","P_291"
"292",0.965501653496176,1.4771987311542,1.39564392156899,1,"TRAIN","P_292"
"293",1.67105719773099,1.36566969938576,1.54506122274324,1,"TRAIN","P_293"
"294",1.94125896319747,0.63686834461987,1.86541219940409,1,"TRAIN","P_294"
"295",1.75162965478376,0.605876610148698,1.14276977302507,0,"TRAIN","P_295"
"296",1.12625494878739,1.04835233604535,2.40070483041927,0,"TRAIN","P_296"
"297",0.609813288319856,2.43129400908947,2.06961602065712,1,"TRAIN","P_297"
"298",2.26762701757252,0.829538666177541,0.861859316006303,0,"TRAIN","P_298"
"299",1.51102402154356,1.08479159371927,1.88244828302413,1,"TRAIN","P_299"
"300",1.65852207969874,0.739838836248964,0.507745226379484,0,"TRAIN","P_300"
"301",1.69004623172805,1.61874263361096,0.665579975116998,1,"TRAIN","P_301"
"302",0.988585063721985,2.23662323597819,1.33802202623338,0,"TRAIN","P_302"
"303",2.37885415740311,0.844933935441077,2.38366309273988,1,"TRAIN","P_303"
"304",1.17645775247365,2.44782322691754,2.26727987919003,1,"TRAIN","P_304"
"305",1.18638121988624,0.741147166583687,1.95056596072391,0,"TRAIN","P_305"
"306",1.19966970477253,0.562387323472649,1.96304424386472,0,"TRAIN","P_306"
"307",0.606404811609536,1.71937864040956,1.54611053457484,1,"TRAIN","P_307"
"308",0.723543193656951,1.01780218398198,2.36990919196978,0,"TRAIN","P_308"
"309",1.71933159558102,1.31772412732244,1.77107433415949,1,"TRAIN","P_309"
"310",0.521406388841569,1.33679589349777,0.740804766770452,1,"TRAIN","P_310"
"311",0.598181188106537,0.950842584483325,2.0713280714117,0,"TRAIN","P_311"
"312",2.29232559818774,2.09792543249205,0.574570083059371,1,"TRAIN","P_312"
"313",0.614543701522052,2.30936673795804,0.984395166859031,0,"TRAIN","P_313"
"314",1.11832468863577,1.08281060541049,1.53439108934253,0,"TRAIN","P_314"
"315",2.45708264643326,1.09358558896929,1.08823971170932,0,"TRAIN","P_315"
"316",0.885767559986562,2.04843554506078,1.52925262693316,1,"TRAIN","P_316"
"317",0.568675082642585,1.99967076163739,1.40116792265326,0,"TRAIN","P_317"
"318",1.65856615127996,0.874049652833492,2.40952133573592,1,"TRAIN","P_318"
"319",1.88350479956716,2.37629813421518,1.35479268105701,1,"TRAIN","P_319"
"320",1.71466203918681,0.980774650815874,1.0256721242331,0,"TRAIN","P_320"
"321",0.925468169152737,1.64089468307793,2.2066426705569,1,"TRAIN","P_321"
"322",1.44945137808099,1.24414944602177,2.25734813790768,0,"TRAIN","P_322"
"323",2.00231890939176,2.13026699190959,0.583268951624632,1,"TRAIN","P_323"
"324",1.90519118541852,1.46760295145214,2.45374506665394,1,"TRAIN","P_324"
"325",0.681845014449209,0.707649070769548,2.45583200035617,0,"TRAIN","P_325"
"326",0.614342822227627,0.91145583987236,2.21047262800857,0,"TRAIN","P_326"
"327",1.18170065013692,0.647703502327204,1.00857367459685,1,"TRAIN","P_327"
"328",2.26472583832219,0.840703766327351,1.22425192780793,0,"TRAIN","P_328"
"329",0.930076159536839,1.47806427301839,0.551491273101419,1,"TRAIN","P_329"
"330",2.41883927630261,0.720127282198519,1.77627810789272,1,"TRAIN","P_330"
"331",1.31069693993777,1.09714763099328,1.60388044454157,0,"TRAIN","P_331"
"332",1.55183213157579,2.26796339638531,1.01700703194365,1,"TRAIN","P_332"
"333",0.567591080442071,1.80371995922178,1.14334914647043,0,"TRAIN","P_333"
"334",1.79694045567885,1.11659044260159,0.663533590268344,0,"TRAIN","P_334"
"335",0.767473533283919,1.34116015816107,0.787338458932936,1,"TRAIN","P_335"
"336",1.11679020244628,2.25898992875591,2.0516194216907,1,"TRAIN","P_336"
"337",1.68440937390551,2.40100441360846,2.37930537993088,0,"TRAIN","P_337"
"338",1.77075318899006,0.851301698479801,1.23952445527539,0,"TRAIN","P_338"
"339",0.700573107693344,1.51668219454587,1.02149750059471,0,"TRAIN","P_339"
"340",1.06917759077623,2.18646401865408,2.16595272999257,1,"TRAIN","P_340"
"341",2.08188669709489,0.583901326637715,1.81688184244558,1,"TRAIN","P_341"
"342",0.874727216083556,2.44206646177918,1.59436511062086,1,"TRAIN","P_342"
"343",1.88000008882955,1.94957180973142,1.52617199905217,0,"TRAIN","P_343"
"344",1.93358266446739,0.820834692101926,0.682348477188498,0,"TRAIN","P_344"
"345",0.58715179329738,0.53046538354829,1.32156552141532,1,"TRAIN","P_345"
"346",0.939265075139701,1.05843796627596,1.35933403950185,1,"TRAIN","P_346"
"347",0.994487720075995,1.66520394058898,0.77689643483609,0,"TRAIN","P_347"
"348",1.96398615743965,1.21285694651306,0.545142417773604,0,"TRAIN","P_348"
"349",1.21820499142632,2.36033923132345,2.06238809600472,1,"TRAIN","P_349"
"350",0.618904123082757,1.62474333913997,2.27376048266888,1,"TRAIN","P_350"
"351",2.30737861478701,0.706246521323919,0.907344392035156,0,"TRAIN","P_351"
"352",1.45813180180266,0.55629349173978,0.654625095427036,1,"TRAIN","P_352"
"353",1.28159188805148,2.42366692889482,1.32908915448934,0,"TRAIN","P_353"
"354",1.30279577942565,0.855441472027451,1.31270736129954,1,"TRAIN","P_354"
"355",1.35076797287911,2.11028235824779,1.42754650022835,0,"TRAIN","P_355"
"356",0.584980372805148,1.57339402101934,0.732254642993212,0,"TRAIN","P_356"
"357",1.29457114543766,1.75086973467842,0.811991868540645,0,"TRAIN","P_357"
"358",0.545719145797193,2.47037886688486,1.71170641575009,1,"TRAIN","P_358"
"359",1.86506569338962,1.31375740282238,1.85541253164411,1,"TRAIN","P_359"
"360",0.698783095926046,1.31526834471151,2.26235602563247,0,"TRAIN","P_360"
"361",1.48404019046575,1.53839155472815,0.823262157849967,0,"TRAIN","P_361"
"362",0.950450810603797,2.13141337037086,1.62915911572054,1,"TRAIN","P_362"
"363",2.4821406500414,1.55321499239653,1.90128105971962,0,"TRAIN","P_363"
"364",1.22111651487648,0.903698205947876,2.08899637451395,0,"TRAIN","P_364"
"365",1.70337456976995,1.57647337112576,1.97999599389732,0,"TRAIN","P_365"
"366",1.63588939094916,1.63580492464826,1.17948594223708,1,"TRAIN","P_366"
"367",1.07397746201605,2.43198798317462,1.16030425671488,0,"TRAIN","P_367"
"368",2.26339744403958,0.618703864049166,0.774302025325596,0,"TRAIN","P_368"
"369",1.31872985465452,0.666800849605352,1.59971968084574,0,"TRAIN","P_369"
"370",1.76456813234836,0.562112308107316,0.652106313034892,0,"TRAIN","P_370"
"371",1.10043293284252,1.72833166085184,1.75973346317187,1,"TRAIN","P_371"
"372",2.45681948587298,1.97033232124522,1.47422158299014,1,"TRAIN","P_372"
"373",1.9087559892796,1.37762756505981,0.968642357271165,0,"TRAIN","P_373"
"374",0.888955931644887,0.984722758177668,1.59338533226401,0,"TRAIN","P_374"
"375",2.40419143810868,1.16228163894266,0.931743836496025,0,"TRAIN","P_375"
"376",1.44591686222702,1.02682545827702,1.30287724453956,1,"TRAIN","P_376"
"377",1.0882757906802,2.19854379910976,1.83611973421648,1,"TRAIN","P_377"
"378",2.49302946450189,1.80112383747473,0.965949580539018,1,"TRAIN","P_378"
"379",1.87727854633704,1.35088376095518,1.74764846591279,1,"TRAIN","P_379"
"380",2.06287030363455,0.769869482144713,1.39270938234404,0,"TRAIN","P_380"
"381",1.5400841711089,1.37998097622767,1.1169833173044,0,"TRAIN","P_381"
"382",1.38285424094647,2.46873174980283,0.637453445699066,0,"TRAIN","P_382"
"383",1.08801339846104,1.02529650693759,2.25617432687432,0,"TRAIN","P_383"
"384",0.516743903979659,2.26681906124577,1.16485210740939,0,"TRAIN","P_384"
"385",1.31957470672205,1.7252154070884,1.33692532824352,0,"TRAIN","P_385"
"386",1.72517696674913,2.11532062850893,2.08722549723461,0,"TRAIN","P_386"
"387",2.07779485266656,1.1157831219025,2.05300165852532,1,"TRAIN","P_387"
"388",0.506264004856348,0.524120865855366,1.38103726459667,1,"TRAIN","P_388"
"389",0.707977602258325,1.98566293669865,2.1226385012269,1,"TRAIN","P_389"
"390",0.649224675260484,1.07793466839939,2.28658870700747,0,"TRAIN","P_390"
"391",0.534754309337586,1.84331847634166,1.30426686629653,0,"TRAIN","P_391"
"392",1.56156893959269,1.30471453256905,1.99280558247119,1,"TRAIN","P_392"
"393",2.13799191545695,0.772705623880029,2.3370842509903,1,"TRAIN","P_393"
"394",2.3339925725013,0.564668159931898,0.631480092648417,0,"TRAIN","P_394"
"395",1.74142004037276,1.60125182755291,1.66666582878679,0,"TRAIN","P_395"
"396",1.79026895854622,2.41240665409714,2.43904549162835,0,"TRAIN","P_396"
"397",2.30408374452963,2.48820798005909,1.73095250176266,0,"TRAIN","P_397"
"398",1.2452136920765,1.87714375462383,1.03653868380934,0,"TRAIN","P_398"
"399",1.47130433795974,1.79637100081891,1.87566868867725,1,"TRAIN","P_399"
"400",1.25399433169514,0.591187504585832,1.49601958179846,1,"TRAIN","P_400"
"401",1.8662989018485,0.831236169673502,1.50445553846657,1,"TRAIN","P_401"
"402",0.662272159475833,2.47614322137088,1.93585608806461,1,"TRAIN","P_402"
"403",1.33949451567605,1.86466770246625,2.03480124566704,1,"TRAIN","P_403"
"404",2.42638205550611,1.58639445761219,2.06282334309071,0,"TRAIN","P_404"
"405",1.29810681100935,0.68322520935908,2.00326951034367,0,"TRAIN","P_405"
"406",0.655654780101031,0.998970721848309,2.36787687987089,0,"TRAIN","P_406"
"407",2.39130856236443,0.568136037327349,1.87942514941096,1,"TRAIN","P_407"
"408",1.31979410722852,1.14494164707139,2.38182118395343,0,"TRAIN","P_408"
"409",2.0232633636333,1.89252763288096,0.933125504292548,1,"TRAIN","P_409"
"410",0.648317382670939,1.98049638234079,0.743163476232439,0,"TRAIN","P_410"
"411",2.07018798217177,1.4302836949937,2.18906081467867,1,"TRAIN","P_411"
"412",1.47464131331071,1.12229323433712,2.41740305023268,0,"TRAIN","P_412"
"413",1.87177811097354,2.19208614341915,1.11656845873222,1,"TRAIN","P_413"
"414",2.41598827391863,1.66511544026434,1.47179472772405,1,"TRAIN","P_414"
"415",2.12394425272942,2.27161171054468,1.08494808571413,1,"TRAIN","P_415"
"416",2.27037937333807,2.096715208143,1.69303717045113,0,"TRAIN","P_416"
"417",1.59617246035486,1.98730318015441,2.23886775551364,0,"TRAIN","P_417"
"418",1.43931025965139,0.774002936203033,1.62984646391124,0,"TRAIN","P_418"
"419",0.598220385145396,0.926629198249429,1.91004280932248,0,"TRAIN","P_419"
"420",1.39078322146088,0.659689272288233,1.23577531659976,1,"TRAIN","P_420"
"421",1.88982505630702,0.769593535922468,1.35842010099441,0,"TRAIN","P_421"
"422",1.81279422389343,2.3159740078263,1.95417682873085,0,"TRAIN","P_422"
"423",1.95179216517136,0.558980881236494,1.07826368464157,0,"TRAIN","P_423"
"424",1.92894992465153,0.6588688287884,2.04931731475517,1,"TRAIN","P_424"
"425",1.33723670383915,1.33188293548301,0.622579887975007,1,"TRAIN","P_425"
"426",1.71415985282511,2.36230808822438,1.09557630075142,1,"TRAIN","P_426"
"427",1.48540195077658,1.3732347660698,0.782913194503635,1,"TRAIN","P_427"
"428",1.22366009047255,0.942702700383961,1.18011155584827,1,"TRAIN","P_428"
"429",2.15776425693184,1.44372947653756,2.08479937817901,1,"TRAIN","P_429"
"430",1.92383622890338,0.849412863142788,2.22210408560932,1,"TRAIN","P_430"
"431",0.841618004254997,2.02825977979228,1.8028416140005,1,"TRAIN","P_431"
"432",2.069273842033,1.13191489549354,1.00259267631918,0,"TRAIN","P_432"
"433",1.69060900388286,0.901278709992766,1.67425345489755,1,"TRAIN","P_433"
"434",2.24883458483964,1.38435913808644,1.10106611298397,0,"TRAIN","P_434"
"435",2.48748189583421,1.45613019913435,2.30465646088123,1,"TRAIN","P_435"
"436",1.94501221878454,1.0821263147518,2.27187424805015,1,"TRAIN","P_436"
"437",1.53310420643538,1.51837313501164,1.43229799903929,1,"TRAIN","P_437"
"438",1.01850104890764,0.573323575779796,2.01992877479643,0,"TRAIN","P_438"
"439",1.34614562429488,1.10139372758567,1.31748908571899,1,"TRAIN","P_439"
"440",0.855289265979081,0.96657730313018,0.577610057312995,1,"TRAIN","P_440"
"441",1.11376427533105,2.03311461722478,0.623671704903245,0,"TRAIN","P_441"
"442",1.90608408302069,0.869306437671185,2.33220779476687,1,"TRAIN","P_442"
"443",0.876473738346249,0.981804348528385,1.93584690522403,0,"TRAIN","P_443"
"444",0.547841389663517,1.56585333123803,1.75957546243444,1,"TRAIN","P_444"
"445",1.63281424110755,1.33064820431173,1.28020576154813,0,"TRAIN","P_445"
"446",0.628226744011045,2.07697031786665,1.18204448185861,0,"TRAIN","P_446"
"447",2.08288659714162,1.47968449117616,0.84800912393257,0,"TRAIN","P_447"
"448",1.84939819620922,1.26597755542025,0.536604333668947,0,"TRAIN","P_448"
"449",2.14370023179799,2.47422416368499,0.668039160314947,1,"TRAIN","P_449"
"450",2.36669530300424,1.99829610204324,2.40399741381407,0,"TRAIN","P_450"
"451",2.13227026257664,1.55308584496379,0.527487879153341,1,"TRAIN","P_451"
"452",2.02725034067407,1.83752260636538,1.39060934213921,1,"TRAIN","P_452"
"453",1.21349824639037,0.658074806444347,0.784620899707079,1,"TRAIN","P_453"
"454",2.23829650599509,0.550049761775881,0.545124682597816,0,"TRAIN","P_454"
"455",2.03328563924879,1.09912467794493,0.833209190517664,0,"TRAIN","P_455"
"456",0.945799024309963,1.19862316129729,2.0707555199042,0,"TRAIN","P_456"
"457",1.78013099590316,0.739595738239586,0.634778099134564,0,"TRAIN","P_457"
"458",0.610245472285897,1.43709991173819,0.617577144410461,1,"TRAIN","P_458"
"459",1.44952347828075,1.17313297465444,1.82219632156193,0,"TRAIN","P_459"
"460",0.938721004407853,2.01160025270656,1.89708623336628,1,"TRAIN","P_460"
"461",0.895567612722516,1.43189394380897,2.21777267707512,0,"TRAIN","P_461"
"462",2.12135381670669,0.903614819049835,1.20226824842393,0,"TRAIN","P_462"
"463",1.19560257997364,0.538043741602451,1.38085051719099,1,"TRAIN","P_463"
"464",1.71777992881835,0.932886349502951,1.4185614339076,0,"TRAIN","P_464"
"465",1.29693032102659,0.566764596384019,1.37471005693078,1,"TRAIN","P_465"
"466",0.58391882898286,0.550494739320129,1.90440146997571,0,"TRAIN","P_466"
"467",1.25229066237807,2.27991163963452,1.51004659710452,1,"TRAIN","P_467"
"468",2.15867631789297,1.84389079734683,1.87859620340168,0,"TRAIN","P_468"
"469",1.1507618916221,1.23260074015707,1.01449556369334,1,"TRAIN","P_469"
"470",1.89771065767854,1.9139134157449,1.72657621232793,0,"TRAIN","P_470"
"471",1.86883365409449,1.73269880376756,0.67497973004356,1,"TRAIN","P_471"
"472",0.681958082132041,1.77613575663418,2.41931776795536,1,"TRAIN","P_472"
"473",1.17106346227229,0.853489986155182,1.96486845193431,0,"TRAIN","P_473"
"474",2.31471340311691,1.93710551178083,2.23073134897277,0,"TRAIN","P_474"
"475",1.85617812024429,0.752671961206943,0.780513724312186,0,"TRAIN","P_475"
"476",0.679212869144976,1.95377455465496,0.795081906951964,0,"TRAIN","P_476"
"477",1.27221469534561,1.18996886862442,2.34071493661031,0,"TRAIN","P_477"
"478",1.58197100786492,1.59296259051189,2.05403788946569,0,"TRAIN","P_478"
"479",1.74877338297665,0.597042311914265,1.66048346972093,1,"TRAIN","P_479"
"480",1.06966518657282,0.893405507784337,0.632001257501543,1,"TRAIN","P_480"
"481",0.87769314693287,2.4552976093255,2.12532846955582,1,"TRAIN","P_481"
"482",2.32669007452205,2.01326242927462,2.04980000341311,0,"TRAIN","P_482"
"483",2.0804872433655,1.12670539459214,1.00450384942815,0,"TRAIN","P_483"
"484",1.91496044257656,0.927091111894697,1.55946759460494,1,"TRAIN","P_484"
"485",1.99392164545134,1.72287093987688,1.79676169110462,0,"TRAIN","P_485"
"486",2.20694535085931,0.502501195762306,0.576561233028769,0,"TRAIN","P_486"
"487",2.21408364642411,1.71035268809646,1.37008793419227,1,"TRAIN","P_487"
"488",0.823747062589973,1.38368384214118,1.93539376417175,0,"TRAIN","P_488"
"489",2.03876621648669,2.13811869639903,2.21444569574669,0,"TRAIN","P_489"
"490",0.915981085505337,1.82515448331833,0.569169327616692,0,"TRAIN","P_490"
"491",2.3624737598002,0.927297617308795,0.946641758084297,0,"TRAIN","P_491"
"492",2.4650545315817,1.08455426013097,1.07015076186508,0,"TRAIN","P_492"
"493",1.57437985576689,1.808649180457,0.515749484300613,1,"TRAIN","P_493"
"494",2.14636471681297,0.966575697995722,1.60013867681846,1,"TRAIN","P_494"
"495",0.689884564373642,1.77480384986848,0.535406439099461,0,"TRAIN","P_495"
"496",1.72856350662187,1.91885081678629,2.21572081418708,0,"TRAIN","P_496"
"497",1.81150265503675,1.3718580417335,0.812365517951548,0,"TRAIN","P_497"
"498",1.29417877783999,2.18307861732319,0.858361499384046,0,"TRAIN","P_498"
"499",1.67694665445015,0.652925250120461,0.859533666167408,0,"TRAIN","P_499"
"500",2.08121931506321,1.56278538657352,1.30997365573421,1,"TRAIN","P_500"
"501",1.33804024942219,1.75804570456967,1.2891508853063,0,"TRAIN","P_501"
"502",0.872905367519706,2.16537509579211,0.860113738104701,0,"TRAIN","P_502"
"503",1.02970432443544,1.63375502638519,1.28249873127788,0,"TRAIN","P_503"
"504",1.32010294357315,0.571340590715408,2.24594664946198,0,"TRAIN","P_504"
"505",1.59993904689327,1.90672655310482,1.62077926658094,0,"TRAIN","P_505"
"506",2.17893276037648,2.09665705263615,1.91444612992927,0,"TRAIN","P_506"
"507",2.36394442571327,1.91267687873915,1.14336728677154,1,"TRAIN","P_507"
"508",0.659552284050733,1.0835766531527,2.02422997355461,0,"TRAIN","P_508"
"509",1.6158029679209,1.37725210329518,1.45103353727609,0,"TRAIN","P_509"
"510",0.618789630476385,0.677225151564926,2.31733947759494,0,"TRAIN","P_510"
"511",1.86441526375711,2.26374184014276,1.90961507614702,0,"TRAIN","P_511"
"512",0.559246849734336,0.509733925107867,0.897181898821145,1,"TRAIN","P_512"
"513",0.850987463258207,1.94806642411277,1.83598093455657,1,"TRAIN","P_513"
"514",0.849938489031047,0.613116670399904,1.47624784708023,1,"TRAIN","P_514"
"515",1.97671028831974,1.20507373986766,1.04277925845236,0,"TRAIN","P_515"
"516",1.05349385971203,2.11487847147509,0.624872548505664,0,"TRAIN","P_516"
"517",2.22390051884577,0.563082810956985,1.99375995760784,1,"TRAIN","P_517"
"518",1.24866708088666,1.64117248961702,1.13178142765537,0,"TRAIN","P_518"
"519",1.83206111099571,2.21493112482131,1.03255282668397,1,"TRAIN","P_519"
"520",0.865783866029233,0.604262767825276,0.878781919833273,1,"TRAIN","P_520"
"521",1.08748014783487,0.729109879117459,1.42584273824468,1,"TRAIN","P_521"
"522",1.09303666185588,0.804768259171396,2.04582375194877,0,"TRAIN","P_522"
"523",0.563968469388783,1.14471803233027,0.799632518552244,1,"TRAIN","P_523"
"524",2.16472007194534,0.584443530999124,1.79944149870425,1,"TRAIN","P_524"
"525",0.610580930951983,1.87524373363703,1.35297146160156,0,"TRAIN","P_525"
"526",1.31336439680308,1.99949149414897,1.62508669728413,1,"TRAIN","P_526"
"527",1.44388822792098,1.90624921629205,1.00602462701499,0,"TRAIN","P_527"
"528",1.73564206575975,2.46476824535057,0.72119254572317,1,"TRAIN","P_528"
"529",2.31181082502007,0.74975427147001,1.52254979498684,1,"TRAIN","P_529"
"530",1.18032074905932,1.35116240661591,1.36402573017403,1,"TRAIN","P_530"
"531",1.52678083209321,2.17197343008593,2.43399990815669,0,"TRAIN","P_531"
"532",0.888878778088838,1.66707899607718,2.26597965369001,1,"TRAIN","P_532"
"533",1.19513683393598,1.87334212614223,0.892981086857617,0,"TRAIN","P_533"
"534",1.902027847711,0.599226059392095,0.62707932619378,0,"TRAIN","P_534"
"535",1.7265259497799,1.46498533338308,1.89395389612764,1,"TRAIN","P_535"
"536",1.41485165851191,1.80603979667649,2.14391536964104,1,"TRAIN","P_536"
"537",0.831179975531995,1.05416164034978,0.555345988366753,1,"TRAIN","P_537"
"538",2.45859098341316,0.713363119866699,0.558670840691775,0,"TRAIN","P_538"
"539",1.17687623202801,1.31630859151483,1.37371546914801,1,"TRAIN","P_539"
"540",1.91588962543756,2.49717923020944,2.36255295388401,0,"TRAIN","P_540"
"541",2.33768929960206,1.68021912360564,2.37903438694775,0,"TRAIN","P_541"
"542",2.34666699450463,1.25863788463175,1.10853866580874,0,"TRAIN","P_542"
"543",1.24092812556773,1.15554104652256,1.6594870002009,0,"TRAIN","P_543"
"544",0.500268608797342,0.861409574281424,0.744089394342154,1,"TRAIN","P_544"
"545",0.530763466842473,1.07253258861601,0.586638630367815,1,"TRAIN","P_545"
"546",1.56332181207836,1.17524482682347,2.13069310085848,1,"TRAIN","P_546"
"547",0.983355189673603,1.33983094152063,2.05458026006818,0,"TRAIN","P_547"
"548",1.69681980833411,1.66813516104594,1.96836497075856,0,"TRAIN","P_548"
"549",2.44391133030877,0.627817521803081,0.724059587810189,0,"TRAIN","P_549"
"550",2.02938749827445,0.544028152246028,2.33408731827512,1,"TRAIN","P_550"
"551",2.09402799233794,2.43082179361954,1.0373749891296,1,"TRAIN","P_551"
"552",1.64325527660549,1.12077040178701,1.339911097195,0,"TRAIN","P_552"
"553",2.48101938422769,1.62120803305879,2.1438251612708,0,"TRAIN","P_553"
"554",0.508473273832351,0.583304457366467,0.568343909922987,1,"TRAIN","P_554"
"555",1.23380287131295,2.37049355311319,2.42676668614149,1,"TRAIN","P_555"
"556",0.922368122264743,2.21137780090794,1.24276846600696,0,"TRAIN","P_556"
"557",2.28053745813668,1.67255308572203,2.48216244764626,0,"TRAIN","P_557"
"558",1.05859305430204,0.578150504734367,1.56009005056694,0,"TRAIN","P_558"
"559",1.87300700740889,2.22451671538875,2.22245377115905,0,"TRAIN","P_559"
"560",1.98993650404736,0.958786881994456,0.781422695610672,0,"TRAIN","P_560"
"561",2.14595342520624,2.4475366640836,1.8258732012473,0,"TRAIN","P_561"
"562",0.888358118012547,2.02721455553547,0.710118440911174,0,"TRAIN","P_562"
"563",2.30264864349738,0.934882256668061,1.48911560699344,0,"TRAIN","P_563"
"564",2.09160081017762,1.90254714386538,0.710629556328058,1,"TRAIN","P_564"
"565",2.13550824066624,2.31163109047338,2.1093171229586,0,"TRAIN","P_565"
"566",1.32970479968935,0.796414264012128,0.946387197822332,1,"TRAIN","P_566"
"567",1.93610966438428,0.721005873288959,2.11027382221073,1,"TRAIN","P_567"
"568",1.39434631774202,1.74583524558693,2.20114707574248,1,"TRAIN","P_568"
"569",2.3283065976575,2.08193403109908,1.44901649421081,1,"TRAIN","P_569"
"570",2.15440312726423,0.951756366528571,2.10388713236898,1,"TRAIN","P_570"
"571",1.11278600851074,0.751825151499361,2.44629896897823,0,"TRAIN","P_571"
"572",1.18478836212307,1.01113221794367,0.568637808319181,1,"TRAIN","P_572"
"573",2.48334683850408,1.61260070931166,1.43057162826881,1,"TRAIN","P_573"
"574",0.997032342012972,1.74641406023875,1.15766696864739,0,"TRAIN","P_574"
"575",1.84901573555544,1.48848260054365,1.4573440621607,0,"TRAIN","P_575"
"576",0.96758892852813,1.02782774437219,0.503976033069193,1,"TRAIN","P_576"
"577",1.50708701228723,0.928015550598502,1.41665173973888,0,"TRAIN","P_577"
"578",2.18007418978959,2.20513848308474,1.707010935992,0,"TRAIN","P_578"
"579",0.959237072616816,0.68622816586867,2.18026753375307,0,"TRAIN","P_579"
"580",1.49227130180225,2.10055026970804,1.34818047704175,0,"TRAIN","P_580"
"581",2.34829443506896,2.27099387627095,2.28629171941429,0,"TRAIN","P_581"
"582",2.26715521933511,2.18147004954517,1.61442043306306,0,"TRAIN","P_582"
"583",1.00626567425206,2.48342014150694,1.88071461673826,1,"TRAIN","P_583"
"584",2.32767174625769,1.34875515243039,0.982098853681237,0,"TRAIN","P_584"
"585",0.830900899134576,2.42985929409042,2.18978776643053,1,"TRAIN","P_585"
"586",1.403325275518,1.63975216867402,2.30368002876639,1,"TRAIN","P_586"
"587",0.554785119369626,1.64675371861085,1.81904040370136,1,"TRAIN","P_587"
"588",1.33203453430906,2.47548294207081,0.755404766183347,0,"TRAIN","P_588"
"589",1.80947432294488,1.2192075396888,2.07895777001977,1,"TRAIN","P_589"
"590",0.592705549206585,2.30258817970753,1.37461916869506,0,"TRAIN","P_590"
"591",0.935014728922397,1.95711666718125,2.2919400553219,1,"TRAIN","P_591"
"592",1.05450983718038,2.16182815982029,1.59200493665412,1,"TRAIN","P_592"
"593",1.83920754026622,0.853161464910954,0.557221318595111,0,"TRAIN","P_593"
"594",1.5496327765286,1.03139748005196,1.03968276362866,0,"TRAIN","P_594"
"595",2.25760354660451,0.77945731440559,1.25734126660973,0,"TRAIN","P_595"
"596",1.49147564359009,2.07355389371514,1.49410941824317,0,"TRAIN","P_596"
"597",0.59256913466379,0.826543778181076,0.784614109899849,1,"TRAIN","P_597"
"598",1.2372059696354,0.594868658110499,0.811677449382842,1,"TRAIN","P_598"
"599",1.1816058489494,2.35960704181343,0.767119701951742,0,"TRAIN","P_599"
"600",1.9757022773847,1.05155791621655,1.67394023900852,1,"TRAIN","P_600"
"601",0.884546673856676,1.53931543789804,2.23765143053606,1,"TRAIN","P_601"
"602",0.675007893703878,1.55666493857279,2.41207001497969,1,"TRAIN","P_602"
"603",1.21139469183981,1.71674643736333,1.47223619744182,0,"TRAIN","P_603"
"604",1.61759662395343,1.92637049872428,2.30845657829195,0,"TRAIN","P_604"
"605",2.22921233577654,1.00197347439826,1.82359172496945,1,"TRAIN","P_605"
"606",1.04689040640369,1.16721583763137,1.17289866320789,1,"TRAIN","P_606"
"607",0.831843525636941,1.87097478006035,1.51799471769482,1,"TRAIN","P_607"
"608",0.566491859033704,1.58493837574497,1.5113669205457,1,"TRAIN","P_608"
"609",1.32560701435432,1.74241744354367,1.8687483407557,1,"TRAIN","P_609"
"610",1.97460362082347,0.743230629712343,0.861862966790795,0,"TRAIN","P_610"
"611",0.559640716761351,1.01195325795561,1.01538275787607,1,"TRAIN","P_611"
"612",0.589003152213991,1.07307221367955,1.31099981768057,1,"TRAIN","P_612"
"613",1.40470756264403,0.772132680751383,1.94806516822428,0,"TRAIN","P_613"
"614",0.950948503334075,0.724326577037573,2.33825049223378,0,"TRAIN","P_614"
"615",1.40782791981474,1.27838908880949,2.0079935961403,0,"TRAIN","P_615"
"616",1.59952532174066,0.592949804849923,1.90423727454618,1,"TRAIN","P_616"
"617",0.909807440824807,0.612706926185638,1.66880054026842,0,"TRAIN","P_617"
"618",1.95191773120314,2.00504898047075,1.18212948367,1,"TRAIN","P_618"
"619",1.90372210089117,1.70284629054368,1.07506045745686,1,"TRAIN","P_619"
"620",1.78281776187941,2.28483352111652,1.24537701718509,1,"TRAIN","P_620"
"621",0.852301577571779,0.738188207615167,1.01880186004564,1,"TRAIN","P_621"
"622",0.687180396635085,1.13268097070977,2.24576309649274,0,"TRAIN","P_622"
"623",1.23735702224076,2.28352618496865,1.6117669288069,1,"TRAIN","P_623"
"624",1.00049288989976,0.54668124159798,1.4491490162909,1,"TRAIN","P_624"
"625",1.8156575220637,1.52880029985681,0.773283326532692,1,"TRAIN","P_625"
"626",1.64219248015434,1.18879448575899,1.95710005564615,1,"TRAIN","P_626"
"627",1.87468934757635,1.9431997849606,0.720363008324057,1,"TRAIN","P_627"
"628",0.647299554664642,2.47563626803458,1.35688227368519,0,"TRAIN","P_628"
"629",2.49732244061306,2.24503862997517,2.15953021822497,0,"TRAIN","P_629"
"630",1.09682206017897,2.05895763123408,2.34659133572131,1,"TRAIN","P_630"
"631",1.6189816580154,1.83561373222619,1.61586464336142,0,"TRAIN","P_631"
"632",0.984765784349293,0.776708321645856,2.2250935328193,0,"TRAIN","P_632"
"633",1.81588930170983,1.27959119714797,0.81903984118253,0,"TRAIN","P_633"
"634",1.51872273022309,0.625324699562043,2.00073047634214,1,"TRAIN","P_634"
"635",0.616536948829889,1.87562773795798,2.43536498816684,1,"TRAIN","P_635"
"636",1.17544446699321,2.41679528914392,1.03823992935941,0,"TRAIN","P_636"
"637",1.91842992044985,1.76503405719995,1.67383709782735,0,"TRAIN","P_637"
"638",1.49712622910738,1.82932639401406,0.824145656079054,0,"TRAIN","P_638"
"639",1.49434874812141,2.39116390468553,0.917536038439721,0,"TRAIN","P_639"
"640",1.01025199284777,2.18046251358464,0.761851121671498,0,"TRAIN","P_640"
"641",1.59452673606575,1.57568214321509,0.577153887599707,1,"TRAIN","P_641"
"642",1.72490029549226,0.75569656630978,0.795067939907312,0,"TRAIN","P_642"
"643",1.67823826568201,1.48068570671603,1.76053979480639,1,"TRAIN","P_643"
"644",1.54521027486771,1.48273953935131,1.34888009913266,0,"TRAIN","P_644"
"645",1.27342710644007,2.22888571722433,0.992502681910992,0,"TRAIN","P_645"
"646",2.00313201732934,1.73865789966658,0.649602437857538,1,"TRAIN","P_646"
"647",1.85634137084708,1.96791529702023,1.91258175997064,0,"TRAIN","P_647"
"648",0.679128592368215,0.870158505160362,1.50322352349758,0,"TRAIN","P_648"
"649",1.39270704938099,1.86538552353159,2.18894222052768,1,"TRAIN","P_649"
"650",2.30568624241278,0.875537366140634,0.894792161881924,0,"TRAIN","P_650"
"651",1.30143235065043,1.08099289610982,2.16740265535191,0,"TRAIN","P_651"
"652",2.03474778914824,1.29551553633064,0.785698868799955,0,"TRAIN","P_652"
"653",2.09754924336448,1.13083126861602,0.546414406504482,0,"TRAIN","P_653"
"654",1.69579101493582,2.14139175741002,0.78045982401818,1,"TRAIN","P_654"
"655",0.690633837133646,2.26494369516149,2.32527447352186,1,"TRAIN","P_655"
"656",0.51072514988482,1.04350225673988,0.521807440556586,1,"TRAIN","P_656"
"657",0.514645030256361,0.947285123169422,1.60769377322868,0,"TRAIN","P_657"
"658",2.38897970877588,2.35513178724796,2.37292065517977,0,"TRAIN","P_658"
"659",1.21378204738721,1.03232872346416,0.711039267480373,1,"TRAIN","P_659"
"660",2.15100306039676,1.67110493266955,0.917247356846929,1,"TRAIN","P_660"
"661",2.48139583645388,1.43860157113522,1.43853171449155,0,"TRAIN","P_661"
"662",1.10590789699927,1.48268576245755,0.861843454651535,1,"TRAIN","P_662"
"663",2.12913991790265,2.03165750391781,2.37629222031683,0,"TRAIN","P_663"
"664",0.670596218667924,2.38371325889602,1.00424256548285,0,"TRAIN","P_664"
"665",1.88961933692917,0.820424942765385,2.00061076739803,1,"TRAIN","P_665"
"666",0.871048546396196,1.13481871737167,0.78761362330988,1,"TRAIN","P_666"
"667",0.548947438597679,2.37111195037141,2.42464683158323,1,"TRAIN","P_667"
"668",1.30384235875681,1.56305394601077,0.926495629362762,0,"TRAIN","P_668"
"669",2.11788669228554,2.02363700745627,0.706719439011067,1,"TRAIN","P_669"
"670",0.806086190510541,1.11215034825727,2.33839932456613,0,"TRAIN","P_670"
"671",1.62711896095425,1.74780131317675,0.876269155181944,1,"TRAIN","P_671"
"672",2.34492982039228,1.59394697891548,1.29175189789385,1,"TRAIN","P_672"
"673",1.76718073198572,1.23511480726302,1.24441699823365,0,"TRAIN","P_673"
"674",0.97646007547155,1.1064707855694,2.26772968703881,0,"TRAIN","P_674"
"675",1.08801512559876,1.70417811302468,1.01932039391249,0,"TRAIN","P_675"
"676",0.798362855333835,0.717065280303359,1.87106541311368,0,"TRAIN","P_676"
"677",1.92267037089914,1.8794743642211,1.87110323645175,0,"TRAIN","P_677"
"678",2.37812994047999,1.24146484397352,1.54067151853815,1,"TRAIN","P_678"
"679",1.45728139439598,2.3421746622771,0.656410851981491,0,"TRAIN","P_679"
"680",2.17726738704368,1.95873867208138,1.25149460555986,1,"TRAIN","P_680"
"681",0.638445236720145,1.64838789962232,2.44141628686339,1,"TRAIN","P_681"
"682",2.12372847041115,1.98014820832759,1.44985616998747,1,"TRAIN","P_682"
"683",2.18301668809727,2.48495952738449,0.673596723005176,1,"TRAIN","P_683"
"684",0.99433112051338,0.818806832190603,2.09419524949044,0,"TRAIN","P_684"
"685",2.40868698013946,2.39415039448068,2.20004625944421,0,"TRAIN","P_685"
"686",2.46529706334695,1.55757136130705,1.39721337566152,1,"TRAIN","P_686"
"687",1.66572086792439,2.07522274088115,1.68565160129219,0,"TRAIN","P_687"
"688",0.507074836175889,0.998395348433405,1.39904550276697,1,"TRAIN","P_688"
"689",0.535859334282577,2.19830283289775,1.30365153355524,0,"TRAIN","P_689"
"690",2.1682919152081,1.75458957953379,0.528062292840332,1,"TRAIN","P_690"
"691",0.639863296877593,0.977651501074433,2.28466138243675,0,"TRAIN","P_691"
"692",0.941631024237722,2.48424995364621,0.680668805260211,0,"TRAIN","P_692"
"693",0.928490100894123,1.39778483146802,1.54709940636531,0,"TRAIN","P_693"
"694",2.02386793680489,1.74888266110793,2.29500718414783,0,"TRAIN","P_694"
"695",1.39887344138697,1.43855527043343,0.624826052226126,1,"TRAIN","P_695"
"696",1.48920529522002,0.802921209018677,0.905037518125027,1,"TRAIN","P_696"
"697",1.86046259431168,2.36317422427237,1.45177340041846,1,"TRAIN","P_697"
"698",1.48430297756568,1.55442590080202,1.4280057917349,0,"TRAIN","P_698"
"699",1.52551907673478,2.38758310489357,1.89878485072404,0,"TRAIN","P_699"
"700",2.03858011541888,1.19724974827841,1.35324917733669,0,"TRAIN","P_700"
"701",0.677977077662945,0.944120181258768,0.797161756549031,1,"TRAIN","P_701"
"702",1.26033876743168,2.33002711739391,2.27759686391801,1,"TRAIN","P_702"
"703",0.672362465411425,2.25847549829632,0.795949161984026,0,"TRAIN","P_703"
"704",1.37722179526463,1.43138116877526,2.16672010393813,0,"TRAIN","P_704"
"705",0.52695210184902,2.1655795793049,1.85763125261292,1,"TRAIN","P_705"
"706",1.64044676907361,0.682561927940696,1.0704128597863,0,"TRAIN","P_706"
"707",2.46400119736791,0.50239756796509,0.820088909938931,0,"TRAIN","P_707"
"708",0.98263930901885,0.932810459285975,0.842347720172256,1,"TRAIN","P_708"
"709",2.10350376414135,1.47033641347662,1.19270855979994,0,"TRAIN","P_709"
"710",2.48988949181512,1.10749372048303,0.610208448953927,0,"TRAIN","P_710"
"711",0.663090042769909,1.24668457778171,2.06096496153623,0,"TRAIN","P_711"
"712",2.4600017843768,0.98609081748873,1.59077462460846,1,"TRAIN","P_712"
"713",2.26093864254653,1.05318000819534,2.07671469310299,1,"TRAIN","P_713"
"714",1.79533489374444,2.36143361777067,1.27197064971551,1,"TRAIN","P_714"
"715",1.98774688551202,1.876413020771,0.554985839407891,1,"TRAIN","P_715"
"716",1.17899376479909,2.42534656263888,0.791253761388361,0,"TRAIN","P_716"
"717",1.90378393093124,0.661099324468523,1.41278851823881,0,"TRAIN","P_717"
"718",1.48311599204317,1.36484681908041,0.625139116775244,1,"TRAIN","P_718"
"719",0.830502301454544,1.26168759120628,0.92256749374792,1,"TRAIN","P_719"
"720",1.34085118211806,0.580263751093298,2.12159577431157,0,"TRAIN","P_720"
"721",2.15523335430771,1.32809087634087,0.648726988583803,0,"TRAIN","P_721"
"722",1.86700430419296,1.03404658474028,1.40679729636759,0,"TRAIN","P_722"
"723",0.917634901124984,2.43206165684387,0.681947612203658,0,"TRAIN","P_723"
"724",1.6621369519271,1.24963025655597,1.65653907414526,1,"TRAIN","P_724"
"725",1.11686880420893,0.798884015996009,0.801021222490817,1,"TRAIN","P_725"
"726",1.64595466246828,1.62596390396357,1.5314910216257,0,"TRAIN","P_726"
"727",0.552621820475906,1.55448699835688,2.21074099373072,1,"TRAIN","P_727"
"728",1.68489253334701,0.656291752588004,1.75091787707061,1,"TRAIN","P_728"
"729",0.780670165549964,0.923181863036007,2.46786008682102,0,"TRAIN","P_729"
"730",1.26954680029303,1.301914436277,1.87238687323406,0,"TRAIN","P_730"
"731",1.50941628497094,0.527598244138062,1.87805184675381,1,"TRAIN","P_731"
"732",0.624705969821662,1.82099533593282,1.58443285897374,1,"TRAIN","P_732"
"733",1.25458817835897,2.00256473524496,2.41999334376305,1,"TRAIN","P_733"
"734",1.59744561091065,0.83997173095122,2.17872215621173,1,"TRAIN","P_734"
"735",1.86013558227569,0.585604758001864,1.55418308638036,1,"TRAIN","P_735"
"736",0.940983228385448,2.44648505467921,1.62992237880826,1,"TRAIN","P_736"
"737",1.64244607463479,1.47851697774604,0.617685061879456,0,"TRAIN","P_737"
"738",1.28052420634776,1.86478145001456,1.32879985682666,0,"TRAIN","P_738"
"739",0.863854718860239,1.09255554433912,1.10292939143255,1,"TRAIN","P_739"
"740",0.711901803966612,0.611801690421999,2.06558467727154,0,"TRAIN","P_740"
"741",2.01459216140211,1.20400021364912,1.05705963401124,0,"TRAIN","P_741"
"742",1.00145692797378,1.29320281697437,1.60774751706049,0,"TRAIN","P_742"
"743",1.89442887622863,0.530412973370403,1.23601327743381,0,"TRAIN","P_743"
"744",1.52795781334862,0.882933915127069,2.02727838279679,1,"TRAIN","P_744"
"745",1.42270739655942,2.24875452881679,1.9431215361692,1,"TRAIN","P_745"
"746",2.27658708393574,1.46873191604391,1.54722471348941,1,"TRAIN","P_746"
"747",1.11167663754895,1.72014713706449,1.79694600682706,1,"TRAIN","P_747"
"748",1.42302477732301,0.805892684496939,1.54915821971372,0,"TRAIN","P_748"
"749",0.613974898587912,1.54467722354457,0.549483470153064,0,"TRAIN","P_749"
"750",1.38521988131106,0.604101745411754,1.5411240439862,0,"TRAIN","P_750"
"751",1.08935572579503,0.923792938236147,2.1982088922523,0,"TEST","P_751"
"752",1.48215851793066,2.40489278035238,0.817783955484629,0,"TEST","P_752"
"753",2.35417435411364,0.694349072407931,2.19255334371701,1,"TEST","P_753"
"754",0.571325782220811,2.0592823671177,1.01765683572739,0,"TEST","P_754"
"755",1.97150645777583,1.61755570489913,0.517249526455998,1,"TEST","P_755"
"756",1.12327822763473,0.733906028792262,2.09818280953914,0,"TEST","P_756"
"757",1.46729068784043,1.92364964168519,2.10290017304942,1,"TEST","P_757"
"758",1.50892395433038,1.29248761665076,1.8054089108482,1,"TEST","P_758"
"759",2.27488031191751,0.929187912493944,1.01839993335307,0,"TEST","P_759"
"760",1.88085799990222,1.42265442479402,1.6195915536955,1,"TEST","P_760"
"761",2.24222393194214,1.89527682634071,1.19967189244926,1,"TEST","P_761"
"762",1.1275829942897,2.24822186911479,1.04628714732826,0,"TEST","P_762"
"763",2.14569853432477,1.39968265453354,0.881944482214749,0,"TEST","P_763"
"764",2.1585074942559,1.41344397049397,1.75794626632705,1,"TEST","P_764"
"765",0.734935189131647,2.20890934905037,0.536195050925016,0,"TEST","P_765"
"766",0.792160914745182,1.4356061858125,0.916275800205767,1,"TEST","P_766"
"767",1.60883551929146,2.11747546866536,1.54478722438216,0,"TEST","P_767"
"768",1.77498546335846,1.01282870350406,1.45795800955966,0,"TEST","P_768"
"769",2.07490407302976,0.61081880889833,2.26157061941922,1,"TEST","P_769"
"770",1.67313654022291,0.53574054967612,0.66825439222157,0,"TEST","P_770"
"771",1.92922990536317,1.92434446839616,1.73254623683169,0,"TEST","P_771"
"772",1.20332745742053,0.50055971276015,1.56363225216046,0,"TEST","P_772"
"773",2.23665434215218,0.743440360296518,1.03257647855207,0,"TEST","P_773"
"774",1.31823123991489,0.900417370721698,1.05551798967645,1,"TEST","P_774"
"775",1.25508271623403,2.4267026828602,1.06436512805521,0,"TEST","P_775"
"776",2.03496461315081,1.60621267976239,1.39100833516568,1,"TEST","P_776"
"777",2.39161317003891,1.94300878793001,1.43982452433556,1,"TEST","P_777"
"778",1.50868271524087,0.614708852022886,1.61227046977729,1,"TEST","P_778"
"779",2.1346052410081,1.16186555661261,0.605326911434531,0,"TEST","P_779"
"780",1.22895948030055,0.930600109975785,1.46366041665897,1,"TEST","P_780"
"781",1.63367538992316,1.26946355542168,1.62263264879584,1,"TEST","P_781"
"782",1.83875539526343,1.86183944856748,0.510446269530803,1,"TEST","P_782"
"783",2.1485323375091,1.85624675592408,2.08396089496091,0,"TEST","P_783"
"784",0.763076249044389,0.85030132252723,1.28717935038731,1,"TEST","P_784"
"785",0.695807759650052,1.58107117097825,1.65627372264862,1,"TEST","P_785"
"786",1.52537282928824,2.36638438981026,2.2801026715897,0,"TEST","P_786"
"787",2.10792301269248,1.65050711669028,0.672226492315531,1,"TEST","P_787"
"788",2.156890115235,1.75778489559889,1.41869388753548,1,"TEST","P_788"
"789",0.742438305635005,0.975139010697603,1.40553275728598,1,"TEST","P_789"
"790",0.61109423963353,1.87606300087646,1.36557396501303,0,"TEST","P_790"
"791",0.581651023123413,1.38250894472003,2.01744534401223,0,"TEST","P_791"
"792",0.655959312338382,2.03531065676361,0.517463537398726,0,"TEST","P_792"
"793",2.4222150882706,1.46186253242195,0.807094833813608,0,"TEST","P_793"
"794",2.34982216684148,1.01204226678237,1.5411716774106,1,"TEST","P_794"
"795",2.2624855353497,0.894610465038568,1.52684072777629,1,"TEST","P_795"
"796",1.00045838067308,0.843845729250461,0.507274396717548,1,"TEST","P_796"
"797",1.50638571940362,0.970712522044778,2.2086725672707,1,"TEST","P_797"
"798",1.61995738465339,0.516699322033674,2.15991226350889,1,"TEST","P_798"
"799",2.38857119856402,2.16606072150171,1.84725796524435,0,"TEST","P_799"
"800",1.16720325592905,1.85456554591656,2.08925025118515,1,"TEST","P_800"
"801",0.696111430879682,2.34272261615843,1.63539209309965,1,"TEST","P_801"
"802",2.29238547338173,0.525940982159227,2.01216758321971,1,"TEST","P_802"
"803",1.87526109442115,1.30845494568348,1.33704954804853,0,"TEST","P_803"
"804",0.908460723236203,2.44031269708648,0.955026108305901,0,"TEST","P_804"
"805",1.43161890935153,1.32649106206372,2.45523163070902,0,"TEST","P_805"
"806",1.38825740106404,0.844020685181022,2.10258797137067,0,"TEST","P_806"
"807",1.81189284240827,0.733847967348993,1.02571245795116,0,"TEST","P_807"
"808",1.99136757757515,2.33707313565537,1.4035537741147,1,"TEST","P_808"
"809",1.09921985166147,0.598705501295626,1.00899604940787,1,"TEST","P_809"
"810",2.19996691169217,2.43066967371851,0.717506316956133,1,"TEST","P_810"
"811",2.20825810031965,1.39650920592248,0.827164772897959,0,"TEST","P_811"
"812",1.13826394826174,2.16456443583593,1.83554961439222,1,"TEST","P_812"
"813",0.866599876899272,1.1502659227699,0.686933460179716,1,"TEST","P_813"
"814",1.18005968024954,1.65703688049689,2.48768898937851,1,"TEST","P_814"
"815",2.00672603026032,1.21283347019926,0.909732905682176,0,"TEST","P_815"
"816",1.96410513296723,1.65531003242359,2.31821334548295,0,"TEST","P_816"
"817",2.45426106872037,1.04245330998674,2.32356545841321,1,"TEST","P_817"
"818",1.16933770710602,2.37329741520807,1.89587545348331,1,"TEST","P_818"
"819",0.561072457116097,2.23192658321932,0.526464695576578,0,"TEST","P_819"
"820",2.13628782425076,1.96208947943524,1.03125990740955,1,"TEST","P_820"
"821",2.41648501111194,2.23887538677081,2.04179543862119,0,"TEST","P_821"
"822",0.654204859398305,2.4395359470509,1.40085279988125,0,"TEST","P_822"
"823",1.03115877136588,0.501345853321254,1.06275533139706,1,"TEST","P_823"
"824",2.32111276173964,2.41391576780006,0.725827403366566,1,"TEST","P_824"
"825",1.12832329841331,1.41315453499556,2.11029129242525,0,"TEST","P_825"
"826",1.96063572028652,1.27725699357688,0.519610326737165,0,"TEST","P_826"
"827",1.0621435130015,1.32281662663445,1.53897788887843,0,"TEST","P_827"
"828",1.98255285341293,0.796132169663906,1.70435426244512,1,"TEST","P_828"
"829",0.775048507377505,1.67745551234111,2.07340453425422,1,"TEST","P_829"
"830",1.19484568666667,2.4224098129198,1.72264666808769,1,"TEST","P_830"
"831",0.535343267954886,1.81894794758409,1.39766048081219,0,"TEST","P_831"
"832",1.50460305903107,2.45944889588282,2.11111116874963,0,"TEST","P_832"
"833",1.30660990066826,1.86237393785268,2.29287796188146,1,"TEST","P_833"
"834",0.877254100050777,1.34552599815652,2.43762455368415,0,"TEST","P_834"
"835",1.20366559969261,2.25985192041844,2.08216562448069,1,"TEST","P_835"
"836",2.45538769289851,0.652865036390722,0.689238033723086,0,"TEST","P_836"
"837",0.980896085035056,1.79418737115338,2.01567244715989,1,"TEST","P_837"
"838",0.759795437566936,0.870993013959378,1.03475844906643,1,"TEST","P_838"
"839",2.42325672833249,1.88161532161757,1.63159817503765,0,"TEST","P_839"
"840",2.34388818359002,1.11418823432177,0.71970670716837,0,"TEST","P_840"
"841",0.923658133018762,2.140998063609,2.30413810443133,1,"TEST","P_841"
"842",1.60393685474992,2.07857645256445,0.949141218792647,1,"TEST","P_842"
"843",1.76624667691067,1.56652392307296,1.32130553107709,1,"TEST","P_843"
"844",1.99179558735341,0.820684363599867,2.30263448925689,1,"TEST","P_844"
"845",1.21567052043974,0.948370133060962,0.796863924711943,1,"TEST","P_845"
"846",0.745654110331088,0.960244561545551,2.10087512945756,0,"TEST","P_846"
"847",1.88253364758566,2.18399901641533,1.98989413818344,0,"TEST","P_847"
"848",1.33544588740915,0.590979233384132,1.27898578764871,1,"TEST","P_848"
"849",1.54408209957182,1.21480586519465,1.34761747159064,0,"TEST","P_849"
"850",1.68907067133114,0.6395701514557,1.71849261038005,1,"TEST","P_850"
"851",1.75950132403523,1.7410177718848,2.438225525897,0,"TEST","P_851"
"852",0.885465314146131,1.8679783064872,1.16914859833196,0,"TEST","P_852"
"853",2.43896267935634,0.597923445980996,1.73104013875127,1,"TEST","P_853"
"854",2.22426694957539,1.14413434406742,0.803269368596375,0,"TEST","P_854"
"855",0.959341539535671,2.25542254187167,2.09467960521579,1,"TEST","P_855"
"856",2.0834045461379,0.90801505651325,0.580537297297269,0,"TEST","P_856"
"857",0.938496542163193,2.45659718709067,2.28531908104196,1,"TEST","P_857"
"858",2.06497984053567,2.2226026551798,1.93968524364755,0,"TEST","P_858"
"859",1.19772508740425,1.70905659440905,0.586888215970248,0,"TEST","P_859"
"860",0.939542034175247,2.0078827124089,2.16786190122366,1,"TEST","P_860"
"861",1.22844881657511,1.50024581886828,1.94950502552092,1,"TEST","P_861"
"862",1.68582860240713,1.10144713008776,0.929469981230795,0,"TEST","P_862"
"863",0.698421649169177,2.24206680711359,1.41757507110015,0,"TEST","P_863"
"864",0.743793934583664,2.39363101497293,1.60758812585846,1,"TEST","P_864"
"865",0.999898140318692,0.51069056103006,1.31305969599634,1,"TEST","P_865"
"866",0.971813858486712,0.693721249233931,1.75999848870561,0,"TEST","P_866"
"867",2.04538108641282,2.41523341462016,1.62637736275792,0,"TEST","P_867"
"868",1.15871806070209,1.78067921008915,2.3311281260103,1,"TEST","P_868"
"869",1.13614841876552,0.754179865587503,0.980073686689138,1,"TEST","P_869"
"870",1.02264835080132,1.39926251675934,0.587217947468162,1,"TEST","P_870"
"871",2.28757874714211,1.74077794188634,1.3516326486133,1,"TEST","P_871"
"872",1.8553503388539,0.557848214637488,1.38683960679919,0,"TEST","P_872"
"873",0.905615751165897,2.22422938188538,2.14685471262783,1,"TEST","P_873"
"874",1.34714693389833,1.61777504673228,2.14975207019597,1,"TEST","P_874"
"875",0.978018518537283,2.35493332892656,0.720356361009181,0,"TEST","P_875"
"876",0.57033322378993,2.18336645606905,1.05168190645054,0,"TEST","P_876"
"877",2.12638940662146,0.966665165964514,1.98230549972504,1,"TEST","P_877"
"878",2.08949409006163,2.13463174784556,1.27330476976931,1,"TEST","P_878"
"879",1.04848650796339,1.54325286624953,0.515448276884854,0,"TEST","P_879"
"880",2.06077084457502,1.39538586279377,0.833684863522649,0,"TEST","P_880"
"881",1.49315414391458,1.41259438218549,1.89885422354564,0,"TEST","P_881"
"882",1.01982780499384,2.48887170478702,2.02496864134446,1,"TEST","P_882"
"883",0.587856865022331,1.02582936640829,1.17534393817186,1,"TEST","P_883"
"884",0.599554627202451,1.40797556145117,1.83631841558963,0,"TEST","P_884"
"885",2.17900846293196,1.52331061288714,2.47425289964303,0,"TEST","P_885"
"886",2.33297105086967,2.28102307440713,1.58682167995721,0,"TEST","P_886"
"887",0.971610052511096,1.47455322276801,2.28129451535642,0,"TEST","P_887"
"888",2.32343566184863,1.41364338807762,1.6069990885444,1,"TEST","P_888"
"889",2.04776960844174,1.58144141966477,1.57537726825103,0,"TEST","P_889"
"890",0.546217595227063,0.578563232440501,0.774136926513165,1,"TEST","P_890"
"891",2.04926421726122,1.88011836167425,1.46941530844197,1,"TEST","P_891"
"892",0.821109962183982,1.99690303532407,1.39488539285958,0,"TEST","P_892"
"893",1.14528009900823,1.56721870508045,1.95957974996418,1,"TEST","P_893"
"894",0.755774715449661,1.55341533757746,0.836851987987757,0,"TEST","P_894"
"895",2.26570861274377,0.791649014223367,1.82326673716307,1,"TEST","P_895"
"896",1.09884506976232,2.09858658444136,1.66776187438518,1,"TEST","P_896"
"897",1.85502895060927,1.73575593018904,0.939394348300993,1,"TEST","P_897"
"898",0.557021474465728,1.28895349754021,2.23283906606957,0,"TEST","P_898"
"899",0.742945092264563,1.39441419811919,1.86859852261841,0,"TEST","P_899"
"900",0.948914385400712,0.796387178823352,1.16682662861422,1,"TEST","P_900"
"901",1.1312844962813,0.872894164174795,1.1380026829429,1,"TEST","P_901"
"902",0.585918145254254,1.75732262944803,2.34104491723701,1,"TEST","P_902"
"903",0.777057263534516,1.80918460618705,1.39753968408331,0,"TEST","P_903"
"904",1.44877736922354,1.98686597961932,1.12871911423281,0,"TEST","P_904"
"905",1.37034196546301,1.80301406886429,1.18565610330552,0,"TEST","P_905"
"906",2.08947254670784,0.98154680384323,1.44702927069739,0,"TEST","P_906"
"907",2.34364883648232,0.776815210934728,1.99776964588091,1,"TEST","P_907"
"908",1.21653786208481,2.30907794460654,2.37466705869883,1,"TEST","P_908"
"909",1.49338268348947,1.58280603820458,2.06827461067587,1,"TEST","P_909"
"910",1.36757906293496,1.23018551710993,1.25279565853998,1,"TEST","P_910"
"911",0.863570350687951,1.72780205355957,1.52065497683361,1,"TEST","P_911"
"912",2.01847696350887,1.42292133672163,0.827804565429688,0,"TEST","P_912"
"913",0.748799822293222,0.527628439478576,2.15491309342906,0,"TEST","P_913"
"914",1.08919812738895,0.998988294508308,1.13773704878986,1,"TEST","P_914"
"915",1.3382434672676,1.8388568777591,1.6157458811067,1,"TEST","P_915"
"916",0.512222720775753,0.743391444906592,2.27731290040538,0,"TEST","P_916"
"917",1.84807646088302,1.8193788533099,2.28622687980533,0,"TEST","P_917"
"918",2.14113571075723,0.881589477416128,1.81237132428214,1,"TEST","P_918"
"919",2.40169906616211,0.94035698287189,2.10804809629917,1,"TEST","P_919"
"920",0.747645603027195,0.72925433749333,0.781455907970667,1,"TEST","P_920"
"921",2.44921946059912,2.13778191898018,2.34796155849472,0,"TEST","P_921"
"922",2.26838715840131,0.523768171202391,1.42324752919376,0,"TEST","P_922"
"923",2.44565362855792,2.46528709959239,0.786077773198485,1,"TEST","P_923"
"924",1.45824711211026,2.17473708232865,1.7540437313728,1,"TEST","P_924"
"925",1.58415362425148,2.14473558589816,0.533339059911668,1,"TEST","P_925"
"926",1.2446750132367,0.61434334050864,2.25218630908057,0,"TEST","P_926"
"927",1.48385074036196,0.943558792583644,2.45381212048233,0,"TEST","P_927"
"928",2.10594460135326,0.916979834903032,2.21777543053031,1,"TEST","P_928"
"929",1.0127222770825,1.20691252034158,1.71704436466098,0,"TEST","P_929"
"930",1.21999858925119,0.528609157074243,0.577389425132424,1,"TEST","P_930"
"931",2.32572968071327,1.41109275864437,0.616589714307338,0,"TEST","P_931"
"932",1.80494317552075,0.862574241124094,2.16210742341354,1,"TEST","P_932"
"933",0.983542990405113,1.57694550184533,0.804865908343345,0,"TEST","P_933"
"934",1.81044551031664,1.387248870451,0.965392291545868,0,"TEST","P_934"
"935",1.6487508113496,2.18974392767996,1.25705656036735,1,"TEST","P_935"
"936",1.47868772689253,2.05697630904615,1.21402380568907,0,"TEST","P_936"
"937",1.31027699960396,0.589941071812063,0.967511372175068,1,"TEST","P_937"
"938",0.558334249537438,0.565979873761535,0.641912557184696,1,"TEST","P_938"
"939",2.07947273831815,1.73186602815986,1.38044389011338,1,"TEST","P_939"
"940",1.01310125971213,0.882622252218425,1.35865695914254,1,"TEST","P_940"
"941",1.64518816536292,1.98058316297829,1.79003469226882,0,"TEST","P_941"
"942",2.13749649748206,0.590179718565196,2.0884347059764,1,"TEST","P_942"
"943",0.637573570013046,2.08600340830162,2.49129420612007,1,"TEST","P_943"
"944",2.43889111932367,0.55519350618124,2.05992506677285,1,"TEST","P_944"
"945",1.57180683827028,0.673704257234931,0.516128025017679,0,"TEST","P_945"
"946",1.46509391721338,2.06684902729467,1.9449670878239,1,"TEST","P_946"
"947",1.2318259770982,1.519456256181,1.74513682862744,1,"TEST","P_947"
"948",0.913978080730885,0.57752479147166,2.12083660531789,0,"TEST","P_948"
"949",0.851728192064911,1.61931388359517,0.911344047170132,0,"TEST","P_949"
"950",2.38444563234225,1.69730578269809,0.500571148935705,1,"TEST","P_950"
"951",1.59716560132802,2.18237990885973,2.49005107069388,0,"TEST","P_951"
"952",1.60453617013991,0.541633073240519,0.76677077030763,0,"TEST","P_952"
"953",0.942668619565666,1.01616917410865,2.20138183888048,0,"TEST","P_953"
"954",0.884039301425219,0.891940734814852,2.16627968288958,0,"TEST","P_954"
"955",1.58966620406136,0.919917256105691,0.779959655832499,0,"TEST","P_955"
"956",0.557261461857706,1.56886849971488,1.83707672636956,1,"TEST","P_956"
"957",2.49859996279702,2.20211514597759,1.86712289648131,0,"TEST","P_957"
"958",1.73054911568761,0.712425851728767,1.28698090743273,0,"TEST","P_958"
"959",2.3021687543951,1.20929473871365,1.33844576589763,0,"TEST","P_959"
"960",0.835624414961785,1.14845967665315,1.8437642948702,0,"TEST","P_960"
"961",1.96347396820784,1.87818700214848,0.685807632282376,1,"TEST","P_961"
"962",1.69035181310028,1.75709582678974,1.31262885220349,1,"TEST","P_962"
"963",1.26329410076141,1.0784191088751,0.925470632500947,1,"TEST","P_963"
"964",2.39117703028023,1.41136738052592,1.57051211735234,1,"TEST","P_964"
"965",0.542116050608456,2.01571649545804,1.15322133759037,0,"TEST","P_965"
"966",0.935986822471023,2.48773582000285,1.63630974665284,1,"TEST","P_966"
"967",1.2743627470918,2.44368768716231,1.15930409869179,0,"TEST","P_967"
"968",2.02395490277559,1.65236431080848,0.567229797132313,1,"TEST","P_968"
"969",2.23937111301348,1.3436170197092,2.20537569373846,1,"TEST","P_969"
"970",1.44603450875729,0.84084895439446,1.27157326927409,1,"TEST","P_970"
"971",0.926451754756272,1.38907122705132,1.27298170747235,1,"TEST","P_971"
"972",1.73319947719574,2.25377663830295,2.24467437481508,0,"TEST","P_972"
"973",2.03757821116596,0.792679958511144,2.03565998654813,1,"TEST","P_973"
"974",1.76310014631599,0.632094896864146,1.18592654401436,0,"TEST","P_974"
"975",1.91593840206042,0.524125278461725,1.29424833832309,0,"TEST","P_975"
"976",0.517975924536586,1.14402037579566,2.38085606275126,0,"TEST","P_976"
"977",0.956496751867235,1.13945965841413,0.501719363499433,1,"TEST","P_977"
"978",1.78425468550995,2.27097966847941,1.96390454890206,0,"TEST","P_978"
"979",0.706568955443799,0.629862234462053,1.04491543304175,1,"TEST","P_979"
"980",1.56680172123015,1.29686297429726,1.11283959029242,0,"TEST","P_980"
"981",0.836415831930935,0.732446900103241,0.616189652588218,1,"TEST","P_981"
"982",1.02050192607567,1.0056898035109,2.03442360740155,0,"TEST","P_982"
"983",1.23201354313642,2.1900012427941,2.43880539014935,1,"TEST","P_983"
"984",1.09529297053814,0.619807558599859,0.639392399694771,1,"TEST","P_984"
"985",1.96863804850727,0.790330091491342,2.34610276063904,1,"TEST","P_985"
"986",1.40094471490011,0.584612963721156,1.24618781311437,1,"TEST","P_986"
"987",1.95773861277848,0.826630637980998,2.02047142153606,1,"TEST","P_987"
"988",0.507855049334466,1.03074900479987,1.42811578139663,1,"TEST","P_988"
"989",1.30232336651534,2.21588531136513,1.5761660495773,1,"TEST","P_989"
"990",1.4583025877364,1.1424198509194,1.6923408806324,0,"TEST","P_990"
"991",0.898607384879142,1.24597500776872,1.1088873418048,1,"TEST","P_991"
"992",2.45084866089746,1.15995759889483,2.42550631100312,1,"TEST","P_992"
"993",1.13360248180106,2.42661673855036,0.603762035258114,0,"TEST","P_993"
"994",0.964843358378857,0.539257956203073,0.513243868947029,1,"TEST","P_994"
"995",0.542635278776288,2.25955368485302,1.92732977448031,1,"TEST","P_995"
"996",0.702838425058872,1.47116549033672,1.52941882330924,0,"TEST","P_996"
"997",2.39767476776615,0.64528128830716,1.50387390283868,1,"TEST","P_997"
"998",1.77117603644729,0.972998404875398,2.41982919583097,1,"TEST","P_998"
"999",0.693456067703664,2.14074099017307,1.1390302204527,0,"TEST","P_999"
"1000",1.37711412645876,0.736555588897318,2.26442311890423,0,"TEST","P_1000"
